,0
0,2.237749e-16
1,0.6600343
2,1.5305993e-15
3,4.0251124e-15
4,-2.6867673e-15
5,6.2703257
6,1.3200686
7,-4.06825e-15
8,3.026172e-16
9,-5.3048514e-16
10,-6.583585e-16
11,2.8804895e-15
12,0.8800458
13,2.5301316
14,1.7849036e-14
15,-8.649002e-17
16,3.3081668e-16
17,-2.9162987e-15
18,2.6123115e-16
19,2.1209622e-15
20,1.8700973
21,4.8402514
22,5.4792503e-17
23,2.5301316
24,0.22001144
25,2.31012
26,1.1000571
27,1.515532e-14
28,-5.3811664e-16
29,-9.649038e-17
30,3.5534286e-15
31,2.4201257
32,1.8700973
33,5.9707463e-15
34,9.2843705e-15
35,-2.0610943e-16
36,7.810406
37,4.9502573
38,9.847561e-16
39,3.1901658
40,7.7322467e-16
41,3.745194e-15
42,-5.224721e-15
43,1.0083327e-15
44,7.071048e-15
45,-2.737907e-16
46,5.0954753e-15
47,1.01068084e-16
48,1.3769915e-15
49,-1.5914555e-15
50,8.154032e-15
51,0.33001715
52,0.4400229
53,-1.636031e-17
54,1.8491644e-17
55,3.562332e-16
56,6.80561e-15
57,4.4002285
58,8.006197e-16
59,1.840398e-14
60,2.059201e-15
61,2.3421477e-14
62,-1.1838551e-15
63,1.5837946e-14
64,8.2638774e-16
65,0.8800458
66,3.0899244e-14
67,3.7401946
68,2.31012
69,0.4400229
70,-3.2886753e-15
71,7.32817e-15
72,1.1000571
73,2.0094254e-15
74,-2.4821853e-16
75,2.4201257
76,2.0506157e-15
77,8.689116e-16
78,9.843825e-16
79,1.24918395e-14
80,8.0264495e-15
81,3.3001714
82,2.933225e-14
83,5.9411988e-15
84,-2.4012653e-15
85,-9.587281e-16
86,-3.1940647e-15
87,3.7401946
88,2.3960768e-14
89,1.6519202e-15
90,-1.3052439e-16
91,0.55002856
92,3.0838975e-14
93,1.080411e-16
94,7.7004004
95,5.6285043e-15
96,4.499301e-16
97,-2.4630088e-15
98,1.7882104e-15
99,-6.066042e-18
100,-1.3425521e-15
101,8.725672e-16
102,3.7518762e-14
103,-2.0319285e-15
104,9.624461e-16
105,2.5301316
106,3.656258e-16
107,6.5943747e-15
108,5.785243e-16
109,1.5400801
110,-2.0952304e-15
111,3.8782555e-15
112,3.6301887
113,4.2072015e-14
114,0.4400229
115,7.7381955e-14
116,2.3779863e-15
117,-1.1486344e-16
118,1.5323507e-14
119,-4.927485e-15
120,2.31012
121,2.2602366e-14
122,8.24786e-17
123,2.5301316
124,2.750143
125,2.974024e-15
126,6.459508e-16
127,1.7600915
128,-1.4168973e-16
129,0.22001144
130,0.6600343
131,0.77004004
132,2.6401372
133,-2.765528e-15
134,-1.3486702e-15
135,9.1253816e-15
136,-9.562822e-16
137,-6.739087e-16
138,1.4300743
139,-6.175622e-16
140,-1.635581e-15
141,1.0273136e-14
142,1.4300743
143,1.0198777e-15
144,4.9502573
145,1.17715455e-14
146,3.520183
147,5.640832e-15
148,-2.1215492e-15
149,8.145129e-16
150,3.533176e-15
151,2.2001143
152,1.4300743
153,0.77004004
154,1.0098316e-16
155,0.55002856
156,3.952026e-15
157,2.7043e-14
158,3.979715e-15
159,2.9701545
160,-3.0594377e-16
161,2.4541054e-15
162,-7.3573265e-15
163,3.625341e-15
164,7.421704e-15
165,1.8071717e-14
166,-1.1645822e-15
167,1.8700973
168,-2.8288616e-16
169,2.0451367e-15
170,3.1901658
171,1.3052762e-16
172,1.3200686
173,1.3658642e-13
174,1.1896291e-15
175,2.2950184e-15
176,2.680173e-14
177,1.5124403e-14
178,4.8154914e-16
179,2.31012
180,5.6612802e-15
181,8.2863116e-15
182,116.16604
183,1.166539e-15
184,1.9763555e-14
185,3.336323e-17
186,4.8402514
187,7.7919286e-16
188,-1.623449e-15
189,8.1382804e-16
190,-4.0140565e-15
191,1.2346055e-14
192,-1.7581737e-16
193,0.9900514
194,3.3001714
195,-1.659356e-16
196,0.9900514
197,2.5172117e-15
198,1.7620874e-16
199,-1.3382472e-15
200,4.4741953e-16
201,0.9900514
202,8.3206323e-16
203,1.1000571
204,-3.3710099e-15
205,-4.008773e-15
206,2.750143
207,3.716752e-17
208,3.3447372e-15
209,-2.1027446e-14
210,2.31012
211,1.4300743
212,2.1708602e-14
213,1.3494497e-14
214,1.4831864e-14
215,3.0801601
216,0.55002856
217,-2.7688546e-17
218,-2.0017939e-16
219,1.5578966e-15
220,2.6401372
221,1.3893193e-13
222,-2.5577956e-14
223,-5.9540063e-17
224,2.2287813e-15
225,1.9967061e-15
226,6.226303e-15
227,1.3664249e-15
228,1.2100629
229,4.825341e-15
230,1.2512679e-15
231,3.2234165e-15
232,-3.654497e-15
233,-3.6345375e-15
234,8.140423
235,2.3801389e-15
236,10.670555
237,2.4201257
238,-7.279544e-15
239,-9.808398e-16
240,4.915353e-15
241,1.5400801
242,-4.196141e-15
243,-5.084941e-16
244,2.0166654e-15
245,6.6811583e-15
246,1.2765105e-14
247,0.77004004
248,-3.0273464e-15
249,7.860612e-15
250,-2.47717e-16
251,0.77004004
252,-2.0140237e-15
253,0.55002856
254,4.0200736e-14
255,3.4101772
256,-1.8597045e-15
257,-3.5838616e-15
258,0.55002856
259,-1.2586058e-15
260,1.2100629
261,3.4860172e-15
262,1.705585e-14
263,-1.0265015e-14
264,-9.932459e-15
265,2.1104739e-14
266,7.807583e-15
267,1.0063409e-15
268,-3.4416365e-16
269,0.22001144
270,11.9906225
271,5.9085207e-15
272,6.6824303e-16
273,7.4641666e-16
274,-6.9079e-16
275,8.892553e-16
276,-4.3727356e-15
277,-1.5386222e-15
278,9.829532e-15
279,0.6600343
280,2.0901086
281,3.8502002
282,1.9801028
283,0.9900514
284,3.6819506e-14
285,1.8858933e-14
286,4.730246
287,4.0702114
288,2.31012
289,7.687632e-15
290,5.282153e-15
291,5.071896e-15
292,2.4201257
293,-5.963604e-15
294,2.2293682e-17
295,-4.9692624e-14
296,-3.3840688e-15
297,3.777559e-15
298,-2.53541e-15
299,-1.4313902e-15
300,2.8510398e-16
301,2.5301316
302,5.1659196e-17
303,8.5143884e-16
304,-1.1907053e-16
305,-2.6483165e-15
306,-1.35487985e-14
307,1.19423734e-14
308,6.3803315
309,1.0801468e-16
310,-4.7705505e-15
311,3.3240931e-15
312,-1.6943995e-15
313,8.725672e-16
314,1.0614545e-15
315,7.911293e-15
316,4.716837e-16
317,2.5622725e-16
318,-6.5763723e-15
319,1.4079216e-15
320,5.7427805e-15
321,1.3200686
322,-6.9661644e-17
323,3.7401946
324,-1.0636389e-15
325,1.14698095e-14
326,-2.7838436e-14
327,7.992108e-15
328,2.1757524e-14
329,3.5471669e-15
330,1.6519006e-14
331,-4.337142e-17
332,4.637587e-15
333,4.9502573
334,3.2857078e-16
335,-1.6024134e-15
336,0.9900514
337,6.0846315e-16
338,-4.0311653e-15
339,5.4750922e-14
340,1.094314e-14
341,1.4388465e-16
342,1.4084958e-15
343,-3.815834e-15
344,6.921354e-15
345,-1.4636772e-16
346,2.4201257
347,1.3200686
348,3.8502002
349,5.2074427e-14
350,1.967352e-15
351,-5.655117e-17
352,2.271537e-15
353,-5.6180354e-15
354,-4.138606e-17
355,0.4400229
356,-7.9347744e-16
357,6.0503144
358,-1.934089e-15
359,5.39028
360,-1.3317897e-15
361,0.33001715
362,-5.067102e-16
363,2.750143
364,8.538443e-16
365,-2.8851427e-15
366,1.3200686
367,-3.848023e-16
368,2.2001143
369,0.77004004
370,6.733307e-16
371,1.0811252e-16
372,1.6500857
373,-3.760555e-15
374,0.22001144
375,1.244517e-16
376,6.7022913e-15
377,1.3200686
378,5.8303027
379,-5.1085857e-15
380,-6.437636e-15
381,8.015785e-15
382,1.9004498e-16
383,1.4300743
384,1.9809432e-16
385,1.5675827e-13
386,1.2868032e-14
387,8.4171226e-16
388,2.0901086
389,3.1406442e-15
390,2.0297345e-15
391,-6.5315626e-16
392,2.0819244e-15
393,7.9094336e-15
394,1.2100629
395,2.0901086
396,-3.193368e-16
397,1.2243689e-16
398,5.2304936e-16
399,9.8746356e-15
400,4.1802173
401,1.2408969e-15
402,-2.8332329e-15
403,1.0218346e-15
404,8.900645e-15
405,4.7133106e-16
406,3.042805e-14
407,2.0901086
408,1.4300743
409,3.1901658
410,3.5515698e-15
411,0.8800458
412,1.5400801
413,7.1767487e-16
414,-6.641334e-16
415,-2.771594e-15
416,5.384884e-15
417,4.1937876e-15
418,5.060263
419,2.8601487
420,5.557923e-14
421,11.440595
422,1.1283132e-14
423,0.8800458
424,1.4300743
425,9.9227724e-15
426,0.6600343
427,1.5226254e-14
428,6.026906e-16
429,-6.697106e-16
430,-1.7581737e-16
431,-1.2064281e-14
432,2.4201257
433,9.6203024e-17
434,2.31012
435,3.3001714
436,3.7401946
437,5.39028
438,1.6330372e-15
439,3.286914e-15
440,-1.7075409e-13
441,2.31012
442,9.714473e-16
443,3.8451857e-15
444,-3.846262e-15
445,1.5723181e-16
446,-4.626992e-16
447,-1.1707461e-15
448,9.459307e-15
449,2.6401372
450,3.1083573e-16
451,-1.09404e-15
452,1.8700973
453,-1.6528008e-15
454,3.9602056
455,-9.666531e-17
456,-3.9873044e-16
457,5.070409e-14
458,-2.0234328e-15
459,-1.0081566e-14
460,1.8700973
461,1.1176193e-15
462,3.9602056
463,-5.470396e-15
464,5.6166657e-15
465,-2.1617636e-15
466,0.77004004
467,-2.4068489e-17
468,0.9900514
469,-1.5744314e-15
470,7.3703833
471,3.2451367e-15
472,6.623335e-15
473,1.3960216e-15
474,1.8508722e-15
475,1.811594e-15
476,-3.4345539e-15
477,1.4355973e-15
478,1.7684469e-15
479,-5.992585e-16
480,2.2947573e-16
481,-1.1902162e-15
482,5.076788e-15
483,4.1143136e-13
484,-3.202918e-16
485,-8.952108e-15
486,0.4400229
487,-1.2354179e-17
488,0.9900514
489,1.0204648e-15
490,2.5611318e-14
491,2.8601487
492,3.82552e-16
493,-5.586844e-17
494,9.079495e-16
495,4.62024
496,3.5613537e-16
497,2.0901086
498,3.520183
499,1.7600915
500,8.943107e-15
501,-3.7674035e-15
502,2.4201257
503,-7.61899e-16
504,2.119201e-14
505,8.47044
506,-1.6486915e-15
507,4.1802173
508,1.4996558e-15
509,8.781867e-15
510,4.5166575e-15
511,1.1662455e-16
512,3.0835022e-16
513,2.4045986e-15
514,3.797129e-16
515,2.0553912e-16
516,3.2130456e-16
517,-2.1001214e-13
518,-4.2033756e-15
519,-1.3255377e-14
520,3.176845e-16
521,-6.786463e-17
522,5.500286
523,1.3649573e-15
524,1.8954132e-14
525,7.8231395e-15
526,-1.8507693e-15
527,1.2100629
528,1.8700973
529,2.1929721e-15
530,2.1303156e-14
531,9.3789913e-17
532,1.6500857
533,-5.8507954e-16
534,3.4718307e-15
535,-1.2933539e-15
536,7.308602e-16
537,2.0225946e-14
538,1.4907914e-15
539,0.8800458
540,9.072549e-15
541,3.0801601
542,3.043881e-15
543,1.1000571
544,6.4564213e-16
545,-5.2630996e-16
546,2.2001143
547,2.8601487
548,3.3001714
549,-1.5667999e-15
550,0.4400229
551,5.7202973
552,-5.8263356e-15
553,0.77004004
554,4.413241e-15
555,1.9801028
556,-3.7732446e-17
557,-1.5439055e-16
558,-7.313494e-16
559,-9.756037e-16
560,4.327436e-16
561,2.7736389e-14
562,0.8800458
563,2.572877e-15
564,5.0681645e-15
565,4.0702114
566,1.0365496e-14
567,4.749711e-15
568,-2.7860743e-15
569,-3.8110788e-17
570,2.5301316
571,1.6500857
572,0.9900514
573,-1.4307837e-14
574,1.9453113e-14
575,3.9673872e-16
576,-6.6986715e-15
577,3.9602056
578,5.2664985e-15
579,1.08906e-14
580,3.1901658
581,2.4201257
582,1.3200686
583,-8.836853e-15
584,1.4201778e-16
585,-2.3383612e-16
586,1.2100629
587,-1.8511212e-16
588,-3.1795854e-16
589,-1.7391441e-17
590,6.3252185e-15
591,5.581737e-16
592,1.1635616e-15
593,9.669236e-16
594,4.9721e-15
595,4.290223
596,6.782324e-15
597,0.11000572
598,-1.9105097e-15
599,1.1000571
600,-6.7059117e-16
601,3.073135e-16
602,1.2100629
603,0.9900514
604,-4.4027722e-18
605,4.7738773e-15
606,3.7638812e-16
607,-1.969184e-14
608,2.889197e-16
609,9.680503
610,2.8465391e-15
611,2.1192011e-16
612,3.6301887
613,2.5301316
614,-1.7667661e-16
615,1.8055445e-15
616,4.1802173
617,3.0801601
618,5.8507954e-15
619,2.0626744e-16
620,5.060263
621,-2.1963965e-15
622,-1.1689644e-13
623,3.6720102e-15
624,-1.5408569e-15
625,-1.717815e-17
626,7.505269e-14
627,1.7600915
628,1.285953e-16
629,1.3174366e-14
630,1.0811252e-15
631,5.948635e-15
632,2.7617035e-16
633,1.253303e-14
634,2.3519318e-14
635,-3.646963e-15
636,2.8601487
637,7.230331e-14
638,5.7367144e-15
639,1.6950674e-14
640,0.9900514
641,0.77004004
642,7.1403183e-16
643,-3.8783534e-15
644,4.1846883e-15
645,-2.8549534e-16
646,-4.4212425e-16
647,-1.508288e-15
648,2.8601487
649,3.8028213e-15
650,2.0166654e-15
651,-4.3957103e-16
652,3.1901658
653,1.5659095e-14
654,-7.864917e-15
655,3.9602056
656,3.4986387e-15
657,1.1000571
658,2.3702962e-14
659,2.121158e-15
660,1.2100629
661,-1.1043132e-15
662,-6.116933e-15
663,-4.9712093e-15
664,5.813616e-14
665,4.290223
666,6.6058845e-16
667,2.5301316
668,2.0901086
669,-1.2112516e-16
670,4.0702114
671,2.2001143
672,4.1386062e-13
673,9.115696e-16
674,-2.6044844e-16
675,-7.248226e-17
676,4.6317164e-14
677,-1.1736813e-14
678,-7.0610683e-16
679,4.5602936e-16
680,-9.401191e-15
681,3.0801601
682,9.979618e-15
683,2.0943596e-14
684,-5.4863438e-15
685,1.9526393e-14
686,1.778094e-14
687,1.05523695e-14
688,1.1522818e-13
689,-4.365074e-15
690,-1.1583205e-15
691,2.4905994e-15
692,1.3200686
693,3.8502002
694,-1.0126377e-16
695,5.340999e-16
696,1.5970323e-15
697,0.8800458
698,1.309678e-15
699,-4.560284e-17
700,-3.1224461e-15
701,-5.420302e-17
702,6.7274365e-14
703,1.7600915
704,2.31012
705,1.2518941e-14
706,7.7004004
707,0.22001144
708,4.995679e-16
709,-1.0271179e-15
710,-8.554195e-15
711,-3.563115e-15
712,1.2100629
713,1.7317572e-14
714,2.0207092e-16
715,1.325342e-14
716,4.009458e-15
717,-2.9473236e-15
718,1.8423156e-14
719,3.767208e-15
720,5.958419e-16
721,4.178133e-15
722,1.5400801
723,-1.1735532e-15
724,1.4300743
725,-7.0689935e-15
726,1.7711007e-15
727,-1.4867393e-15
728,-3.6161623e-16
729,4.3832047e-16
730,0.9900514
731,-2.7003669e-15
732,0.33001715
733,0.8800458
734,1.3204971e-16
735,1.6500857
736,5.1473303e-16
737,-1.1162506e-16
738,2.6401372
739,7.407126e-15
740,-5.4105182e-17
741,1.5400801
742,5.587396e-16
743,7.006239e-14
744,1.606327e-15
745,7.611904e-14
746,-2.3395648e-16
747,6.7506243e-15
748,-5.407974e-15
749,3.8264006e-15
750,3.470363e-13
751,5.060263
752,1.0512549e-14
753,2.9048514e-14
754,1.7600915
755,2.5301316
756,1.3200686
757,2.31012
758,0.77004004
759,1.449833e-14
760,9.31431e-14
761,-1.8659337e-15
762,4.7105636e-16
763,2.8601487
764,-2.8156836e-15
765,8.030417
766,3.4384674e-15
767,0.22001144
768,-4.018753e-15
769,0.8800458
770,-8.988504e-16
771,1.8650143e-15
772,-1.5562901e-15
773,8.516723e-15
774,1.4617205e-14
775,2.530156e-14
776,-5.644283e-16
777,0.77004004
778,2.026733e-14
779,2.0732166e-16
780,6.682606e-14
781,-3.3797637e-15
782,1.1405138e-15
783,0.11000572
784,1.5119413e-14
785,-1.5145087e-16
786,-5.6893604e-16
787,2.2417352e-14
788,1.6870152e-14
789,9.871114e-15
790,0.77004004
791,-2.8375818e-16
792,1.3447241e-14
793,1.947943e-14
794,3.520183
795,0.9900514
796,2.750143
797,2.7035957e-14
798,1.8041288e-14
799,3.6301887
800,2.6207259e-15
801,3.0801601
802,0.22001144
803,-6.7509177e-16
804,4.3850753e-16
805,-9.255019e-15
806,-3.5240583e-16
807,4.7929366e-14
808,-1.0212475e-15
809,1.5047698e-16
810,1.9625955e-16
811,-1.0819079e-14
812,7.0336735e-14
813,2.2001143
814,-1.1866939e-15
815,2.0896536e-15
816,2.750143
817,1.0637294e-14
818,1.4054628e-15
819,0.9900514
820,8.0032616e-17
821,0.55002856
822,1.7600915
823,-2.2029516e-15
824,1.1000571
825,3.9602056
826,3.3001714
827,3.0496536e-15
828,-2.8754018e-15
829,0.8800458
830,2.31012
831,1.6500857
832,3.1885298e-16
833,3.1686264e-15
834,2.9701545
835,8.346943e-16
836,-6.402723e-16
837,-1.0409132e-14
838,1.7721257e-14
839,5.394839e-15
840,2.4201257
841,2.0901086
842,-1.874994e-15
843,3.520183
844,1.1000571
845,-3.763531e-16
846,1.7559235e-14
847,1.0387021e-14
848,2.9987772e-16
849,1.3472484e-16
850,4.4235144e-15
851,7.969311e-15
852,2.750143
853,5.4116922e-15
854,-9.941558e-15
855,-1.7170691e-15
856,9.374067e-16
857,-1.5968367e-15
858,2.9701545
859,1.799638e-14
860,2.2996267e-14
861,1.5879333e-13
862,1.4300743
863,-3.561941e-15
864,-7.660824e-16
865,2.1593153e-14
866,0.9900514
867,7.944558e-16
868,-1.0001828e-15
869,-4.365074e-15
870,0.55002856
871,2.1580434e-15
872,3.9602056
873,-3.478786e-16
874,-2.5919039e-15
875,-2.741352e-14
876,1.5400801
877,0.9900514
878,6.184428e-16
879,6.840412e-15
880,-1.297546e-15
881,1.2564045e-14
882,0.55002856
883,-4.495524e-15
884,4.9502573
885,1.6187527e-15
886,6.2703257
887,3.3001714
888,-2.0914695e-16
889,1.1223156e-15
890,1.2100629
891,-3.0359645e-15
892,-2.815524e-15
893,-9.191032e-16
894,4.1802173
895,5.4049804e-17
896,9.076012e-14
897,-4.4702815e-16
898,7.209902e-14
899,4.7766166e-15
900,10.01052
901,4.3565924e-15
902,-7.837718e-15
903,-1.9387854e-15
904,-4.071313e-16
905,6.048431e-16
906,-4.8528337e-17
907,2.5685774e-15
908,2.5601632e-15
909,2.6401372
910,1.09971473e-13
911,24.971298
912,1.7492704e-15
913,0.6600343
914,1.3985945e-14
915,-3.5290667e-16
916,0.6600343
917,13.2006855
918,3.1326215e-15
919,-2.3654774e-15
920,2.9429306e-14
921,3.501836e-15
922,-1.5831503e-15
923,0.9900514
924,1.2689161e-15
925,0.9900514
926,1.8700973
927,6.965186e-16
928,4.283704e-16
929,5.1659195e-16
930,1.7600915
931,-1.159784e-15
932,23.1012
933,3.6807176e-16
934,3.6231292e-14
935,6.8027725e-16
936,-1.20981335e-14
937,1.7600915
938,1.6220156e-16
939,-1.4537176e-15
940,2.4201257
941,-1.3110478e-14
942,-8.23563e-15
943,3.0801601
944,-1.2946108e-15
945,1.4300743
946,3.5339586e-16
947,1.6500857
948,0.6600343
949,-8.2801473e-16
950,1.1000571
951,6.5079824e-15
952,3.0801601
953,1.8520995e-14
954,-1.4507137e-14
955,-4.0127847e-15
956,3.0801601
957,1.2100629
958,2.1745782e-15
959,2.6401372
960,-1.0809296e-15
961,-2.9924495e-15
962,1.4300743
963,0.9900514
964,-2.9901476e-14
965,0.22001144
966,3.8227804e-15
967,5.6746847e-17
968,2.5453406e-14
969,1.4300743
970,-2.9355729e-15
971,3.709091e-15
972,4.1802173
973,-5.360033e-15
974,0.11000572
975,-5.1400705e-17
976,3.4331841e-16
977,0.22001144
978,7.0952147e-15
979,-7.766001e-15
980,1.6500857
981,0.22001144
982,-1.0424787e-15
983,-4.336817e-16
984,4.290223
985,4.8487245e-15
986,-1.705634e-15
987,1.767948e-14
988,-1.9881736e-16
989,1.1000571
990,0.55002856
991,5.275989e-15
992,-5.6739815e-15
993,8.300821e-17
994,24.641281
995,2.2001143
996,1.9801028
997,3.261647e-14
998,3.9977173e-16
999,-1.0057889e-16
1000,3.214611e-15
1001,4.600897e-15
1002,-8.614128e-16
1003,7.1833677e-16
1004,0.6600343
1005,1.1000571
1006,2.0580211e-16
1007,3.7401946
1008,3.908488e-15
1009,-4.3885582e-16
1010,7.8036695e-16
1011,-1.0394848e-14
1012,-1.0411481e-16
1013,1.1619112e-14
1014,-1.8286181e-15
1015,4.1802173
1016,7.283252e-14
1017,1.4589809e-15
1018,0.22001144
1019,3.9602056
1020,5.603066e-15
1021,1.636266e-15
1022,1.8309859e-14
1023,-3.6367751e-16
1024,-9.111749e-16
1025,-9.163206e-16
1026,0.11000572
1027,0.77004004
1028,1.1193804e-15
1029,1.6887078e-15
1030,-7.5179786e-16
1031,0.55002856
1032,2.528648e-15
1033,1.3981248e-13
1034,-4.6958994e-15
1035,-2.7868865e-14
1036,-1.1877702e-16
1037,2.8601487
1038,1.1000571
1039,1.36820554e-14
1040,3.1501348e-15
1041,6.0139814e-14
1042,-6.792989e-16
1043,6.2703257
1044,9.99038e-16
1045,8.196338e-14
1046,2.8881208e-15
1047,-3.5088316e-16
1048,-3.0469395e-16
1049,8.350201e-15
1050,1.9801028
1051,-2.2591114e-15
1052,2.31012
1053,1.1876723e-15
1054,0.55002856
1055,4.9735674e-15
1056,-1.8347137e-14
1057,5.2802744
1058,1.4300743
1059,3.520183
1060,1.9801028
1061,-9.726214e-16
1062,-4.6531433e-15
1063,7.480389
1064,1.4300743
1065,2.6401372
1066,1.1422161e-14
1067,3.226743e-16
1068,-1.9883967e-16
1069,5.2030987e-13
1070,1.5400801
1071,3.86084e-15
1072,3.263648e-14
1073,-3.4291727e-15
1074,2.31012
1075,5.060263
1076,-1.9636365e-16
1077,9.2421234e-17
1078,1.2100629
1079,1.3200686
1080,2.2408155e-15
1081,4.519994e-16
1082,1.4300743
1083,1.1985032e-14
1084,6.394782e-16
1085,-2.0373154e-16
1086,-1.7517163e-15
1087,6.9857323e-15
1088,9.286719e-15
1089,3.0801601
1090,-5.789502e-16
1091,0.77004004
1092,2.8601487
1093,-4.4604975e-15
1094,2.0125857e-14
1095,1.569833e-15
1096,-7.195343e-17
1097,-3.6748707e-15
1098,4.584754e-16
1099,6.486751e-14
1100,-2.6525237e-15
1101,1.4300743
1102,-3.0721567e-15
1103,-1.0250427e-16
1104,2.417982e-16
1105,2.2951162e-15
1106,5.060263
1107,3.4468815e-16
1108,-1.9697025e-15
1109,1.6500857
1110,0.77004004
1111,-9.385733e-16
1112,-4.7158586e-17
1113,1.5951733e-15
1114,1.6500857
1115,-1.2755418e-14
1116,2.3300852e-16
1117,-1.0853323e-15
1118,4.968871e-15
1119,1.2911864e-15
1120,-4.0322055e-15
1121,-6.403177e-14
1122,1.1000571
1123,-1.0924746e-15
1124,-7.225438e-15
1125,-1.2803262e-14
1126,-2.4558468e-14
1127,1.3590771e-14
1128,4.9211255e-15
1129,0.4400229
1130,6.4769675e-14
1131,4.006621e-15
1132,-4.678681e-16
1133,1.04201194e-13
1134,1.3718061e-15
1135,8.47044
1136,1.32541064e-14
1137,-1.6720751e-15
1138,3.9105423e-15
1139,2.0448432e-14
1140,-7.783123e-15
1141,3.227056e-14
1142,2.8425863e-14
1143,1.6437017e-16
1144,1.5742358e-14
1145,-1.0671538e-14
1146,2.9889932e-16
1147,1.4746352e-15
1148,9.079495e-16
1149,0.55002856
1150,9.178312e-16
1151,3.532139e-14
1152,2.31012
1153,9.961077e-17
1154,0.4400229
1155,-3.4864008e-16
1156,1.3200686
1157,0.8800458
1158,0.6600343
1159,3.4101772
1160,4.730246
1161,-1.5076072e-15
1162,5.39028
1163,8.47044
1164,1.1796494e-15
1165,3.6301887
1166,-1.1554832e-15
1167,-6.516103e-14
1168,3.5004975e-15
1169,-7.1743665e-15
1170,-4.837473e-15
1171,5.500286
1172,5.0778643e-14
1173,-6.6385e-15
1174,-2.2779153e-15
1175,4.515319e-15
1176,2.3691808e-15
1177,-1.0349353e-14
1178,-1.0024046e-15
1179,4.9502573
1180,2.2503058e-16
1181,9.680718e-15
1182,-9.121567e-16
1183,6.6286183e-16
1184,3.9602056
1185,-7.519616e-15
1186,1.4300743
1187,1.7600915
1188,-1.075157e-15
1189,5.244289e-15
1190,5.4795925e-15
1191,3.611643e-15
1192,-8.988211e-15
1193,-2.6650372e-14
1194,6.7103486
1195,4.1802173
1196,-1.1043523e-14
1197,-7.151081e-16
1198,1.36529e-14
1199,2.4587037e-14
1200,-2.1231147e-16
1201,-1.9755758e-16
1202,-1.2387641e-14
1203,8.360435
1204,8.57073e-17
1205,0.6600343
1206,1.8700973
1207,2.4201257
1208,5.6964046e-15
1209,3.7837428e-15
1210,4.5102344
1211,1.5546678e-14
1212,-3.438076e-16
1213,7.690176e-17
1214,1.7790136e-15
1215,2.31012
1216,8.5738706e-17
1217,2.7336325e-14
1218,-1.1704526e-15
1219,1.8700973
1220,2.7598341e-14
1221,-4.0619e-15
1222,0.6600343
1223,9.738248e-15
1224,1.7600915
1225,1.27191204e-14
1226,1.0746294e-15
1227,0.22001144
1228,-2.49148e-18
1229,-1.0816981e-15
1230,-4.3440687e-17
1231,0.77004004
1232,4.5102344
1233,0.6600343
1234,-4.3565924e-15
1235,4.4179375e-15
1236,-1.18415e-15
1237,0.33001715
1238,9.228211e-16
1239,0.77004004
1240,6.8176067e-16
1241,-4.573991e-16
1242,-1.9517e-15
1243,-1.5924339e-15
1244,8.1500207e-17
1245,1.4429352e-15
1246,1.2928203e-14
1247,3.0801601
1248,2.8601487
1249,1.1056535e-14
1250,-3.3153854e-15
1251,1.8700973
1252,1.0973665e-15
1253,1.2980254e-14
1254,1.3200686
1255,1.8700973
1256,3.042707e-15
1257,-5.3975137e-15
1258,1.4300743
1259,2.681122e-14
1260,5.429235e-14
1261,-2.5485048e-16
1262,7.695068e-16
1263,1.1000571
1264,2.8601487
1265,6.4903374
1266,2.4151652e-15
1267,3.1015087e-14
1268,1.05550795e-13
1269,5.658052e-16
1270,0.9900514
1271,1.4300743
1272,2.2001143
1273,3.7485206e-15
1274,1.6437017e-17
1275,-1.5693943e-15
1276,6.7711704e-15
1277,1.2856096e-14
1278,0.77004004
1279,3.7301264e-15
1280,6.590559e-15
1281,2.8138607e-16
1282,25.301315
1283,0.4400229
1284,1.9782146e-14
1285,4.250143e-14
1286,5.500286
1287,5.914391e-16
1288,2.529148e-15
1289,2.31012
1290,7.747901e-16
1291,-2.1105912e-15
1292,-8.5038333e-16
1293,2.31012
1294,3.7401946
1295,0.9900514
1296,2.9875257e-15
1297,-5.118272e-15
1298,1.3200686
1299,2.6439915e-15
1300,1.4952402e-14
1301,3.4101772
1302,-6.066042e-16
1303,-2.3477294e-16
1304,1.7600915
1305,2.781574e-16
1306,2.3706024e-13
1307,1.8149206e-14
1308,1.6500857
1309,1.1339585e-14
1310,3.04574e-14
1311,3.1922842e-14
1312,2.39413e-16
1313,1.3981249e-14
1314,-9.172051e-15
1315,-3.7946026e-15
1316,1.2951196e-14
1317,0.55002856
1318,2.2282921e-15
1319,-6.6520997e-16
1320,6.3803315
1321,2.6401372
1322,2.5301316
1323,1.6500857
1324,2.750143
1325,3.8354016e-15
1326,2.3053895e-15
1327,1.6500857
1328,2.750143
1329,5.1702685
1330,1.613665e-15
1331,-9.018248e-15
1332,4.0640506e-16
1333,1.3166442e-14
1334,1.5400801
1335,3.520183
1336,2.4201257
1337,0.9900514
1338,-7.8565027e-20
1339,0.9900514
1340,-1.7943743e-15
1341,1.4300743
1342,1.7600915
1343,4.730246
1344,-1.7561248e-15
1345,4.0702114
1346,1.4300743
1347,-2.1638316e-16
1348,7.187575e-15
1349,-1.2378836e-15
1350,0.8800458
1351,-3.4855107e-16
1352,2.6653406e-15
1353,6.113005e-16
1354,2.750143
1355,-9.514819e-16
1356,0.9900514
1357,1.2105668e-15
1358,2.7176845e-14
1359,9.900515
1360,-2.869678e-14
1361,5.6102915
1362,-3.4973666e-15
1363,6.7141984e-14
1364,-7.514065e-16
1365,-9.915044e-16
1366,-1.2959629e-16
1367,-8.6320755e-15
1368,9.146026e-16
1369,1.846914e-15
1370,327.70703
1371,4.2765595e-16
1372,1.3200686
1373,1.8700973
1374,4.513331e-16
1375,2.750143
1376,3.9638873e-16
1377,-3.3213536e-15
1378,1.1740727e-18
1379,1.6166847e-15
1380,1.1809214e-16
1381,-2.0291889e-16
1382,2.6401372
1383,6.198125e-15
1384,2.1903108e-14
1385,-2.1915044e-15
1386,2.324664e-16
1387,2.2001143
1388,4.7227074e-16
1389,2.31012
1390,-2.0702815e-15
1391,1.1014074e-14
1392,7.0444356e-14
1393,2.9401714e-15
1394,-6.0054793e-15
1395,1.5400801
1396,2.5301316
1397,-1.9881943e-15
1398,17.160892
1399,2.8601487
1400,1.2100629
1401,2.2974644e-15
1402,3.4101772
1403,-5.6205794e-15
1404,-6.5425195e-16
1405,1.4300743
1406,-1.2323849e-15
1407,1.1000571
1408,-1.5889117e-16
1409,8.2232314e-16
1410,5.283327e-18
1411,-1.7741803e-16
1412,9.576715e-15
1413,-7.994214e-16
1414,0.9900514
1415,2.6416635e-14
1416,3.4101772
1417,3.0282269e-15
1418,-6.7699964e-15
1419,1.4300743
1420,-5.3510687e-16
1421,2.3431555e-15
1422,8.468978e-15
1423,0.11000572
1424,-2.036429e-15
1425,-6.2392177e-16
1426,1.3200686
1427,2.6401372
1428,-1.3865289e-15
1429,5.8303027
1430,-4.4872497e-16
1431,1.2100629
1432,7.915206e-15
1433,3.8502002
1434,4.0702114
1435,-5.87273e-16
1436,-4.656817e-16
1437,1.1000571
1438,3.0801601
1439,2.5829597e-16
1440,2.6401372
1441,1.2902765e-14
1442,2.2001143
1443,1.5112272e-14
1444,-1.2220159e-15
1445,2.4642708e-14
1446,1.5229973e-14
1447,1.6959536e-14
1448,-7.6050557e-16
1449,1.3200686
1450,-2.04317e-14
1451,0.4400229
1452,1.2554859e-15
1453,6.3135755e-16
1454,-3.3565356e-16
1455,1.7600915
1456,-7.812671e-15
1457,-4.9924297e-16
1458,1.3403508e-14
1459,107.8056
1460,8.714554e-16
1461,2.4201257
1462,-1.5080963e-15
1463,7.1598864e-16
1464,4.007697e-15
1465,4.730246
1466,-6.2144643e-15
1467,1.5400801
1468,-5.4424137e-15
1469,5.7087327e-15
1470,1.0916723e-14
1471,6.3803315
1472,0.9900514
1473,11.330589
1474,2.6401372
1475,1.4300743
1476,-2.0779129e-15
1477,1.1000571
1478,2.31012
1479,1.5262944e-15
1480,6.063596e-17
1481,-1.185422e-15
1482,4.31276e-14
1483,-2.467118e-15
1484,1.0767224e-15
1485,2.6401372
1486,3.6801307e-15
1487,8.739406e-15
1488,-1.31663445e-14
1489,2.177576e-15
1490,-2.3439382e-15
1491,0.22001144
1492,-5.0309014e-16
1493,2.5100988e-14
1494,-1.1121403e-15
1495,-4.0317654e-15
1496,3.964755e-15
1497,2.31012
1498,-5.2361684e-15
1499,5.2341135e-15
1500,1.4465063e-14
1501,2.0279962e-16
1502,2.3699831e-14
1503,6.753853e-14
1504,1.1000571
1505,1.0532009e-13
1506,4.98296e-16
1507,2.0901086
1508,1.3653005e-15
1509,0.4400229
1510,3.556462e-15
1511,0.22001144
1512,3.8298984e-16
1513,6.829189e-15
1514,1.9801028
1515,-6.317196e-15
1516,87.56455
1517,1.7600915
1518,1.4056193e-14
1519,6.2636854e-15
1520,1.8230167e-15
1521,2.054138e-15
1522,2.3547592e-14
1523,5.973153e-14
1524,1.4434245e-15
1525,-1.5498387e-15
1526,-7.466801e-15
1527,-3.974236e-16
1528,2.0901086
1529,-1.3802225e-15
1530,1.3200686
1531,1.4560457e-15
1532,6.858541e-16
1533,1.8700973
1534,1.7600915
1535,-4.937663e-16
1536,-2.1146027e-15
1537,-5.1317444e-14
1538,1.9613412e-16
1539,1.1000571
1540,-2.5057644e-15
1541,-7.106564e-15
1542,-1.5511456e-15
1543,9.499226e-16
1544,0.33001715
1545,5.997574e-14
1546,0.77004004
1547,2.6067926e-16
1548,1.3452916e-14
1549,2.750143
1550,-1.0483491e-15
1551,6.6814515e-16
1552,3.1671589e-15
1553,1.7131677e-16
1554,3.8470447e-16
1555,-4.353755e-15
1556,-1.7310722e-15
1557,2.4480394e-15
1558,1.9422096e-14
1559,1.3844273e-16
1560,2.3162888e-14
1561,2.750143
1562,4.290223
1563,7.444697e-15
1564,-2.0252753e-14
1565,1.14015175e-14
1566,4.9502573
1567,6.6003428
1568,7.304689e-16
1569,1.4300743
1570,-6.477754e-16
1571,-9.061004e-15
1572,-8.314586e-15
1573,-2.008144e-15
1574,1.1965757e-15
1575,1.9672565e-15
1576,6.4491843e-15
1577,-1.4959545e-14
1578,1.0334579e-14
1579,1.764142e-15
1580,6.4141545e-15
1581,4.62024
1582,9.460492
1583,4.9543614e-16
1584,0.9900514
1585,1.1006931e-15
1586,1.4719331e-15
1587,-8.888965e-16
1588,-3.780514e-16
1589,3.7401946
1590,3.534937e-14
1591,9.526621e-16
1592,9.925806e-16
1593,-4.7989366e-16
1594,7.314375e-15
1595,-1.990378e-15
1596,-6.686109e-17
1597,1.8210844e-15
1598,2.31012
1599,2.8601487
1600,2.4099602e-14
1601,0.9900514
1602,9.24048
1603,4.8431904e-16
1604,0.77004004
1605,2.2062782e-14
1606,-1.8264246e-14
1607,4.461476e-16
1608,-4.5299635e-15
1609,0.4400229
1610,-6.6012237e-16
1611,3.520183
1612,12.430646
1613,-3.3213091e-15
1614,3.3001714
1615,-4.116103e-16
1616,-4.9017532e-17
1617,1.5400801
1618,3.3001714
1619,1.0184102e-15
1620,-1.00271185e-16
1621,-1.2329897e-15
1622,-6.31064e-17
1623,2.5301316
1624,4.3026336e-14
1625,2.8360702e-15
1626,2.4201257
1627,-4.4502247e-15
1628,4.6062785e-16
1629,1.410844e-14
1630,28.711493
1631,4.7364537e-17
1632,2.1016849e-16
1633,-1.9034457e-14
1634,2.2541215e-15
1635,1.5135753e-16
1636,0.9900514
1637,6.767159e-15
1638,-5.316005e-15
1639,1.5400801
1640,4.290223
1641,1.0152793e-15
1642,-1.5974237e-15
1643,0.4400229
1644,1.6500857
1645,-1.6631033e-14
1646,1.8656993e-15
1647,-2.2377825e-15
1648,0.77004004
1649,1.5341215e-13
1650,-1.628977e-14
1651,-8.727273e-16
1652,1.6513332e-15
1653,9.4455126e-15
1654,8.887495e-14
1655,2.31012
1656,-9.946352e-16
1657,3.688936e-15
1658,0.8800458
1659,-1.7763424e-14
1660,2.291692e-15
1661,5.293111e-17
1662,2.6387284e-16
1663,2.5301316
1664,2.084664e-15
1665,1.8934191e-16
1666,-2.3403182e-16
1667,2.750143
1668,5.6950836e-14
1669,7.0483495e-14
1670,6.090502e-16
1671,1.8700973
1672,5.8468816e-16
1673,-4.2996007e-16
1674,-6.5356713e-16
1675,3.520183
1676,-6.6070936e-16
1677,27.171412
1678,1.9801028
1679,4.5845187e-14
1680,8.873289e-17
1681,2.8034752e-16
1682,-1.3708276e-15
1683,2.31012
1684,6.9368123e-15
1685,3.4101772
1686,7.2603774
1687,1.1107999e-14
1688,1.8568634e-16
1689,2.6847127e-16
1690,1.4205105e-14
1691,0.8800458
1692,1.9438925e-14
1693,-1.7023413e-15
1694,1.4300743
1695,2.5301316
1696,7.876071e-14
1697,-7.6999596e-17
1698,8.47044
1699,-8.140237e-17
1700,3.3650978e-17
1701,1.1690856e-15
1702,3.4269223e-15
1703,-5.586844e-17
1704,3.9602056
1705,3.6301887
1706,0.9900514
1707,-5.6106975e-15
1708,-2.269326e-14
1709,3.0674604e-15
1710,2.4765105e-15
1711,-3.5078355e-15
1712,3.1901658
1713,7.902585e-15
1714,-8.4161315e-16
1715,5.7739915e-15
1716,4.4728252e-15
1717,1.2040115e-14
1718,2.2001143
1719,-2.4721078e-15
1720,1.9801028
1721,0.6600343
1722,3.42812e-16
1723,-1.9952386e-15
1724,-5.894275e-17
1725,6.6506325e-15
1726,2.018818e-15
1727,0.33001715
1728,-3.7646014e-16
1729,1.2100629
1730,2.6577188e-14
1731,-5.8750595e-15
1732,-1.5119708e-14
1733,-5.9750514e-16
1734,4.768825e-13
1735,3.779066e-14
1736,287.77496
1737,4.5440527e-15
1738,7.88879e-16
1739,-4.2828214e-15
1740,2.6672974e-15
1741,3.2384838e-14
1742,-5.712871e-16
1743,2.750143
1744,-1.6259634e-14
1745,1.1478517e-15
1746,-1.04070194e-16
1747,-2.4894254e-15
1748,-1.1142505e-15
1749,1.724977e-14
1750,1.6802621e-15
1751,3.1901658
1752,7.6566657e-17
1753,2.8872402e-16
1754,2.6573177e-15
1755,3.8502002
1756,1.6500857
1757,4.1802173
1758,2.750143
1759,1.2100629
1760,1.6500857
1761,2.0894763e-15
1762,-5.400734e-17
1763,-3.5980435e-15
1764,8.47044
1765,9.513902e-16
1766,-3.1228375e-15
1767,2.3600818e-15
1768,-9.0323755e-17
1769,9.099063e-16
1770,-9.601957e-16
1771,-4.1865474e-16
1772,6.5127766e-15
1773,0.22001144
1774,1.7611089e-14
1775,3.7501838e-13
1776,-4.0464416e-15
1777,-3.9507544e-16
1778,0.4400229
1779,3.8502002
1780,5.500286
1781,0.9900514
1782,-1.6726974e-16
1783,13.310692
1784,-1.712385e-15
1785,-4.724664e-16
1786,-8.284061e-16
1787,-6.9145465e-16
1788,1.7600915
1789,1.1388504e-13
1790,-7.57815e-15
1791,-1.9528742e-16
1792,1.4842235e-15
1793,-1.1989923e-14
1794,4.4026744e-15
1795,5.1854875e-16
1796,-3.752228e-15
1797,3.7002857e-16
1798,-6.612964e-16
1799,-3.5825847e-15
1800,6.8205795e-15
1801,-7.142569e-15
1802,2.472182e-13
1803,-1.3266043e-15
1804,1.5400801
1805,-2.0203834e-16
1806,1.8333145e-15
1807,-1.0925724e-15
1808,8.021041e-16
1809,-1.4933938e-15
1810,-1.04688144e-16
1811,0.6600343
1812,0.11000572
1813,2.9893847e-15
1814,2.5100695e-15
1815,-6.157228e-15
1816,-4.5658705e-15
1817,2.4201257
1818,2.972067e-15
1819,2.2001143
1820,-1.2172043e-15
1821,1.6500857
1822,1.2100629
1823,-1.2040115e-15
1824,2.031683e-15
1825,1.2100629
1826,11.5506
1827,9.123239e-14
1828,0.8800458
1829,-8.530381e-15
1830,-1.4370609e-15
1831,2.3077377e-15
1832,9.9597564e-15
1833,-7.127024e-16
1834,4.0828375e-16
1835,3.2679334e-15
1836,-1.0417155e-14
1837,1.9068994e-14
1838,-6.5050474e-15
1839,-9.074662e-17
1840,8.030417
1841,1.9801028
1842,-2.3683981e-15
1843,2.750143
1844,3.76983e-14
1845,2.3735149e-14
1846,-2.189885e-15
1847,2.7447861e-15
1848,5.4989945e-14
1849,-1.572279e-16
1850,8.250429
1851,6.601908e-15
1852,-7.822259e-16
1853,-4.9954835e-15
1854,4.62024
1855,1.4300743
1856,7.4035063e-16
1857,0.6600343
1858,-2.4880555e-16
1859,-1.8382646e-15
1860,7.172311e-16
1861,-1.5874343e-14
1862,-1.0399936e-14
1863,1.18679175e-14
1864,4.4002285
1865,3.3001714
1866,1.6500857
1867,8.032613e-14
1868,7.935769e-16
1869,1.3200686
1870,1.5664086e-16
1871,0.33001715
1872,-3.951733e-16
1873,2.9462375e-15
1874,2.3432533e-15
1875,7.556136e-16
1876,-1.4395109e-15
1877,-1.5575959e-15
1878,3.2678356e-17
1879,-1.5682981e-15
1880,-3.378492e-15
1881,-1.5193468e-16
1882,-1.2983287e-16
1883,1.5156613e-16
1884,9.09317e-16
1885,4.153282e-16
1886,3.4087242e-16
1887,-3.335149e-15
1888,-3.6083167e-16
1889,-8.168023e-15
1890,1.2100629
1891,-2.1561166e-15
1892,2.3783777e-15
1893,-3.2110172e-16
1894,-2.1490422e-15
1895,1.7600915
1896,0.9900514
1897,2.8601487
1898,2.3637995e-16
1899,1.2767159e-14
1900,-2.824408e-17
1901,1.2787396e-15
1902,7.3703833
1903,3.1901658
1904,0.8800458
1905,-7.4015497e-16
1906,2.8601487
1907,2.4201257
1908,9.152887e-16
1909,2.9701545
1910,2.2001143
1911,7.1503716
1912,-1.4733152e-15
1913,1.902751e-14
1914,-1.1086181e-15
1915,2.3536732e-14
1916,4.883164e-14
1917,2.943987e-15
1918,2.8601487
1919,1.6500857
1920,0.8800458
1921,-3.688447e-15
1922,1.3607013e-14
1923,3.6301887
1924,2.0901086
1925,-2.4682921e-15
1926,-2.3055851e-15
1927,2.3530372e-14
1928,4.019242e-16
1929,3.520183
1930,1.5570884e-16
1931,7.673543e-16
1932,1.7600915
1933,-3.907722e-15
1934,-1.6932866e-14
1935,-2.4079395e-15
1936,-1.0227151e-15
1937,0.6600343
1938,-6.023286e-15
1939,1.3267999e-15
1940,1.7600915
1941,5.8189973e-15
1942,2.750143
1943,2.646927e-14
1944,2.9918307e-15
1945,2.2001143
1946,-8.6558503e-16
1947,1.2100629
1948,-1.272329e-15
1949,-2.5532167e-15
1950,7.480389
1951,2.8601487
1952,9.139226e-17
1953,4.160522e-15
1954,-7.4954755e-16
1955,1.1663727e-14
1956,-1.0585244e-15
1957,-2.8252102e-15
1958,-7.002634e-16
1959,-6.085825e-14
1960,2.0814557e-13
1961,0.11000572
1962,1.1011823e-15
1963,1.8700973
1964,2.0901086
1965,8.6274774e-16
1966,8.9291156e-15
1967,-7.405209e-16
1968,3.4101772
1969,1.3883409e-16
1970,-7.7586635e-16
1971,-1.5142602e-15
1972,1.5331432e-14
1973,-6.267591e-16
1974,2.4201257
1975,1.07663436e-14
1976,8.5032215e-15
1977,-7.942895e-15
1978,-1.0505993e-15
1979,2.0901086
1980,2.31012
1981,4.2087598e-16
1982,-7.223971e-15
1983,-6.5943745e-17
1984,1.7000572e-15
1985,5.6708686e-15
1986,2.216297e-14
1987,-8.834289e-16
1988,0.33001715
1989,9.450013e-15
1990,9.842642e-14
1991,2.4201257
1992,1.5400801
1993,1.9117817e-14
1994,2.5301316
1995,3.9985e-15
1996,1.0608724e-15
1997,1.354168e-15
1998,1.2435524e-13
1999,-1.7337139e-15
2000,-3.6026672e-16
2001,5.500286
2002,-1.5464493e-15
2003,-1.6256992e-15
2004,8.29271e-17
2005,7.116837e-16
2006,-4.8355025e-16
2007,5.6102915
2008,-7.089129e-16
2009,1.4300743
2010,-1.1662455e-15
2011,4.8402514
2012,2.0901086
2013,1.7600915
2014,6.3803315
2015,0.8800458
2016,-7.8604165e-16
2017,1.1000571
2018,6.1603203
2019,5.096356e-15
2020,-2.4950022e-15
2021,-2.8342114e-15
2022,-1.0454139e-15
2023,1.5082978e-16
2024,3.0801601
2025,0.8800458
2026,-7.0170406e-16
2027,-2.5292048e-15
2028,-8.865227e-16
2029,0.22001144
2030,4.187526e-15
2031,-1.4895094e-15
2032,-2.593135e-15
2033,4.5102344
2034,6.051366e-16
2035,3.1901658
2036,4.0215872e-16
2037,2.8063664e-17
2038,-1.1786301e-15
2039,4.9046887e-16
2040,-3.758307e-15
2041,1.6108276e-14
2042,1.6500857
2043,1.5131447e-14
2044,5.1361766e-15
2045,3.1901658
2046,1.8980841e-16
2047,-1.7497009e-14
2048,1.7530175e-14
2049,2.2001143
2050,4.2877133e-14
2051,-1.2108603e-15
2052,6.6041584e-17
2053,6.3664086e-13
2054,-5.6942526e-16
2055,1.3200686
2056,-1.0740808e-15
2057,-3.8038975e-15
2058,1.9801028
2059,-1.448023e-17
2060,-1.0722135e-15
2061,4.950673e-16
2062,3.7401946
2063,2.2285464e-14
2064,4.476641e-15
2065,2.2001143
2066,6.6237267e-16
2067,1.1486148e-14
2068,1.5400801
2069,8.2106326e-14
2070,-4.6276856e-14
2071,1.136698e-15
2072,1.049621e-15
2073,1.0835321e-16
2074,-1.9948473e-15
2075,-2.2424786e-15
2076,-6.5691323e-15
2077,5.9436545e-16
2078,3.3623483e-15
2079,3.4101772
2080,7.7794055e-15
2081,0.33001715
2082,1.4300743
2083,1.8700973
2084,1.3200686
2085,4.3017043e-15
2086,2.1524666e-15
2087,4.2432941e-16
2088,1.4300743
2089,2.2001143
2090,0.6600343
2091,4.277636e-15
2092,0.4400229
2093,-4.2668717e-15
2094,8.98689e-17
2095,15.730819
2096,3.3001714
2097,1.5566246e-14
2098,2.4201257
2099,1.8185211e-14
